Ano,date,description,amount
2020,25 Set,Agro Uniao Pet Shop ,"19,00"
2020,25 Set,The Best Acai Pl ,"8,13"
2020,26 Set,Amazon.Com.Br 1/4,"37,48"
2020,26 Set,The Best Acai Pl ,"15,00"
2020,28 Set,Pagamento recebido ,"-79,61"
2020,30 Set,Pag*Brunasabrinamarti ,"29,50"
2020,30 Set,Biazussi e Sangalli ,"16,90"
2020,01 Out,Amazonprimebr ,"9,90"
2020,03 Out,Amazon.Com.Br 2/4,"37,47"
2020,03 Out,Pagamento recebido ,"-56,30"
2020,05 Out,Mercado Ideal ,"21,40"
2020,06 Out,The Best Acai Pl ,"8,85"
2020,09 Out,Sumup *Fastburger ,"4,00"
2020,09 Out,Biazussi e Sangalli ,"6,40"
2020,10 Out,Pag*Garapadoisirmaos ,"11,00"
2020,12 Out,Pag*Claudineiamaramar ,"15,00"
2020,19 Out,Trento de Palotina ,"3,95"
2020,28 Out,Pag*Garapadoisirmaos ,"5,00"
2020,29 Out,The Best Acai Pl ,"13,10"
2020,30 Out,Amazonprimebr ,"9,90"
2020,03 Nov,Amazon.Com.Br 3/4,"37,47"
2020,10 Nov,Amazon.Com.Br 4/4,"37,47"
2020,10 Nov,Iris Pay ,"8,00"
2020,10 Nov,Desconto Antecipação Amazon.Com.Br ,"-0,05"
2020,10 Nov,Pagamento recebido ,"-136,07"
2020,11 Nov,Dicases Palotina ,"30,00"
2020,12 Nov,Posto Cvale ,"10,00"
2020,12 Nov,Supermercado Copagril ,"6,88"
2020,12 Nov,Posto Cvale ,"5,00"
2020,13 Nov,Amazon-Marketplace ,"55,01"
2020,14 Nov,Iris Pay ,"22,00"
2020,18 Nov,Pagamento recebido ,"-9,29"
2020,19 Nov,Biazussi e Sangalli ,"9,40"
2020,24 Nov,Pagamento recebido ,"-100,00"
2020,25 Nov,Aiqfome*Agenor Celso e ,"18,00"
2020,26 Nov,Ruanis e Ruanis ,"19,00"
2020,26 Nov,Pag*Anacarolinacruz ,"18,00"
2020,27 Nov,Bozo Lanches ,"34,00"
2020,28 Nov,Amazon.Com.Br Digital ,"16,90"
2020,28 Nov,Pagamento recebido ,"-20,00"
2020,30 Nov,Amazonprimebr ,"9,90"
2020,04 Dez,Pagamento recebido ,"-207,69"
2020,07 Dez,Hipermercado Cvale ,"7,80"
2020,07 Dez,Hipermercado Cvale ,"29,11"
2020,08 Dez,Udemy.Com ,"24,90"
2020,08 Dez,Udemy.Com ,"34,90"
2020,08 Dez,Udemy.Com ,"24,90"
2020,10 Dez,G A Machado e Cia ,"8,00"
2020,12 Dez,Mercado Iguacu ,"9,80"
2020,14 Dez,Sorveteria Mm*Sorveter ,"15,00"
2020,16 Dez,Point Lanches ,"17,00"
2020,19 Dez,Biazussi e Sangalli ,"9,50"
2020,21 Dez,Pagamento recebido ,"-30,49"
2020,22 Dez,Surf *Correios ,"25,00"
2020,24 Dez,Biazussi e Sangalli ,"6,80"
2020,29 Dez,Amazonprimebr ,"9,90"
2020,31 Dez,Pagamento recebido ,"-100,41"
2021,04 Jan,Surf *Correios ,"25,00"
2021,04 Jan,Emporio ,"45,00"
2021,04 Jan,Filial Cascavel Shoppi ,"31,70"
2021,05 Jan,Biazussi e Sangalli ,"5,40"
2021,07 Jan,Texas Pub ,"17,00"
2021,08 Jan,Pagamento recebido ,"-91,71"
2021,08 Jan,Pagamento recebido ,"-124,10"
2021,11 Jan,Jeremias Prado de Oliv ,"54,00"
2021,12 Jan,Quintal Detoni Steak ,"20,00"
2021,12 Jan,Mercado Iguacu ,"8,50"
2021,13 Jan,99oculos 1/2,"56,50"
2021,18 Jan,Pag*Agenorcelsoengrac ,"19,00"
2021,20 Jan,Pagamento recebido ,"-25,00"
2021,21 Jan,Surf *Correioscel ,"25,00"
2021,25 Jan,Pastelaria Mandacaru C ,"20,00"
2021,26 Jan,Biazussi e Sangalli ,"20,60"
2021,26 Jan,Pagamento recebido ,"-10,00"
2021,27 Jan,G A Machado e Cia ,"11,00"
2021,28 Jan,Texas Pub ,"36,00"
2021,29 Jan,Amazonprimebr ,"9,90"
2021,01 Fev,Monique Cases ,"30,00"
2021,01 Fev,Marques Zancan ,"7,00"
2021,01 Fev,Perenisse Ivoni Detsch ,"10,00"
2021,01 Fev,Jair Fajardo*Tend Tudo ,"17,00"
2021,01 Fev,Pag*Thiagoantoniohame ,"7,66"
2021,02 Fev,Mercado Iguacu ,"5,80"
2021,02 Fev,Biazussi e Sangalli ,"25,77"
2021,03 Fev,99oculos 2/2,"56,50"
2021,05 Fev,Pagamento recebido ,"-348,73"
2021,09 Fev,Surf *Correios ,"40,00"
2021,09 Fev,Auto Posto Cauneto ,"42,00"
2021,11 Fev,Agro Uniao Pet Shop ,"42,00"
2021,11 Fev,Udemy.Com ,"39,90"
2021,13 Fev,Biazussi e Sangalli ,"20,50"
2021,13 Fev,Pagamento recebido ,"-40,00"
2021,13 Fev,Udemy.Com ,"27,90"
2021,15 Fev,Google Niagara ,"26,99"
2021,15 Fev,Pag*Anamariacremonez ,"54,82"
2021,16 Fev,Ruanis e Ruanis ,"2,00"
2021,16 Fev,Pag*Thiagoantoniohame ,"9,00"
2021,17 Fev,G A Machado e Cia ,"23,45"
2021,18 Fev,Auto Posto Avenida ,"8,00"
2021,20 Fev,Surf *Correioscel ,"40,00"
2021,23 Fev,Biazussi e Sangalli ,"13,10"
2021,24 Fev,Biazussi e Sangalli ,"6,80"
2021,28 Fev,Pagamento recebido ,"-15,00"
2021,03 Mar,Amazonprimebr ,"9,90"
2021,05 Mar,Pagamento recebido ,"-397,96"
2021,08 Mar,Supermercado Ideal ,"17,90"
2021,08 Mar,Pag*Mirianschreiber ,"46,75"
2021,09 Mar,Biazussi e Sangalli ,"13,20"
2021,09 Mar,Hipermercado Cvale ,"20,72"
2021,10 Mar,Amazon.Com.Br ,"99,98"
2021,11 Mar,N Benitez Cagol Resta ,"21,00"
2021,11 Mar,G A Machado e Cia ,"9,00"
2021,11 Mar,Quintal Detoni Steak ,"25,00"
2021,12 Mar,Dicases Palotina ,"40,00"
2021,13 Mar,Mercado Iguacu ,"28,05"
2021,17 Mar,G A Machado e Cia ,"16,00"
2021,22 Mar,Surf *Correioscel ,"40,00"
2021,22 Mar,Dicases Palotina ,"30,00"
2021,07 Abr,Mercadolivre*Mercadol 1/2,"45,19"
2021,11 Abr,Pagamento recebido ,"-417,50"
2021,12 Abr,Desconto Antecipação Mercadolivre*Mercadol ,"-0,08"
2021,12 Abr,Mercadolivre*Mercadol 2/2,"45,20"
2021,13 Abr,Cremonese Assados ,"63,75"
2021,13 Abr,Mercado Iguacu ,"14,40"
2021,15 Abr,Amazon.Com.Br 1/5,"40,03"
2021,17 Abr,Mercado Iguacu ,"15,80"
2021,19 Abr,Farmacia Sto Antonio ,"22,00"
2021,19 Abr,Deck Beer ,"4,00"
2021,21 Abr,Surf *Correioscel ,"40,00"
2021,22 Abr,Pag*Restauranteca ,"68,00"
2021,23 Abr,Amazon.Com.Br ,"26,00"
2021,23 Abr,Mercado Iguacu ,"15,40"
2021,24 Abr,Pag*Agenorcelsoengrac ,"19,00"
2021,29 Abr,Amazonprimebr ,"9,90"
2021,29 Abr,Jeremias Prado de Oliv ,"17,00"
2021,03 Mai,Pag*Juliocesarhenz ,"19,00"
2021,03 Mai,Amazon.Com.Br 2/5,"39,99"
2021,04 Mai,Pag*Thiagoantoniohame ,"19,00"
2021,04 Mai,Panificadora Pao de ,"8,00"
2021,06 Mai,Aconchego Confeitaria ,"40,00"
2021,07 Mai,Amazon.Com.Br ,"53,90"
2021,08 Mai,Mp *Guarapeira ,"17,00"
2021,09 Mai,Pagamento recebido ,"-445,59"
2021,17 Mai,Dicases Palotina ,"50,00"
2021,17 Mai,Pag*Datecinformatica 1/2,"62,50"
2021,20 Mai,Agro Uniao Pet Shop ,"25,00"
2021,21 Mai,Doce Lar ,"22,47"
2021,21 Mai,Surf *Correioscel ,"40,00"
2021,24 Mai,Pagamento recebido ,"-26,00"
2021,24 Mai,Pagamento recebido ,"-30,00"
2021,26 Mai,Panificadora Pao de ,"8,50"
2021,29 Mai,Panificadora Pao de ,"6,00"
2021,29 Mai,Amazonprimebr ,"9,90"
2021,29 Mai,Cremonese Assados ,"28,98"
2021,31 Mai,Texas Pub ,"54,00"
2021,31 Mai,Mp *Barbeariafd ,"20,00"
2021,03 Jun,Amazon.Com.Br 3/5,"39,99"
2021,03 Jun,Pag*Datecinformatica 2/2,"62,50"
2021,09 Jun,Pagamento recebido ,"-468,24"
2021,10 Jun,Aconchego Confeitaria ,"61,50"
2021,10 Jun,Dicases Palotina ,"60,00"
2021,11 Jun,Ki Shawarma ,"42,10"
2021,16 Jun,Monique Cases ,"20,00"
2021,16 Jun,Monique Cases 1/2,"45,00"
2021,17 Jun,Biazussi e Sangalli ,"15,70"
2021,19 Jun,Pag*Datecinformatica ,"75,00"
2021,19 Jun,Pag*Datecinformatica ,"20,00"
2021,21 Jun,Surf *Correioscel ,"40,00"
2021,23 Jun,Brapel Comercio de Ali ,"26,40"
2021,01 Jul,Amazonprimebr ,"9,90"
2021,03 Jul,Amazon.Com.Br 4/5,"39,99"
2021,03 Jul,Monique Cases 2/2,"45,00"
2021,05 Jul,Bike Mobc*Bike Pelotas ,"15,00"
2021,07 Jul,Pagamento recebido ,"-518,09"
2021,09 Jul,Amazon.Com.Br 1/3,"66,67"
2021,10 Jul,Pag*Fmottacarvalho ,"89,90"
2021,10 Jul,Brapel C de A ,"13,00"
2021,14 Jul,Tania M G Lopes ,"8,50"
2021,15 Jul,Tania M G Lopes ,"6,50"
2021,19 Jul,Amazon.Com.Br ,"21,28"
2021,19 Jul,Uber *Trip ,"17,94"
2021,19 Jul,Uber *Uber *Trip ,"2,00"
2021,20 Jul,Surf *Correioscel ,"40,00"
2021,21 Jul,Uber *Uber *Trip ,"1,00"
2021,21 Jul,Udemy 1/2,"49,95"
2021,22 Jul,Uber *Uber *Trip ,"6,59"
2021,22 Jul,Uber *Trip Help.Uber.C ,"6,92"
2021,23 Jul,Uber *Uber *Trip ,"1,00"
2021,23 Jul,Uber *Uber *Trip ,"2,00"
2021,23 Jul,Uber *Uber *Trip ,"18,96"
2021,24 Jul,Uber *Trip Help.Uber.C ,"16,98"
2021,26 Jul,Google Tinder ,"29,99"
2021,29 Jul,Amazonprimebr ,"9,90"
2021,03 Ago,Amazon.Com.Br 2/3,"66,66"
2021,03 Ago,Amazon.Com.Br 5/5,"39,99"
2021,03 Ago,Udemy 2/2,"49,95"
2021,06 Ago,Amazon.Com.Br 1/2,"79,45"
2021,07 Ago,Tania M G Lopes ,"7,00"
2021,09 Ago,Riachuelo 1/2,"52,90"
2021,09 Ago,Uber *Uber *Trip ,"19,58"
2021,09 Ago,Pag*Peruzzo ,"204,10"
2021,09 Ago,Pagamento recebido ,"-509,07"
2021,09 Ago,Uber *Uber *Trip ,"10,99"
2021,10 Ago,Pagamento recebido ,"-10,00"
2021,10 Ago,Mercadolibre*Mercadol 1/2,"45,70"
2021,11 Ago,Uber *Uber *Trip ,"8,92"
2021,12 Ago,Tania M G Lopes ,"9,50"
2021,12 Ago,Pag*Pamelatainasandin ,"45,85"
2021,14 Ago,Tania M G Lopes ,"21,10"
2021,16 Ago,Uber *Uber *Trip ,"21,95"
2021,16 Ago,Uber *Trip Help.Uber.C ,"8,98"
2021,16 Ago,Uber *Uber *Trip ,"1,00"
2021,16 Ago,Grupo Falcao Prime ,"50,00"
2021,16 Ago,Uber *Uber *Trip ,"8,96"
2021,16 Ago,W P C Intermediacao de 1/3,"36,68"
2021,16 Ago,Cloudwa*Tainan Leon da 1/2,"55,00"
2021,16 Ago,Uber *Uber *Trip ,"9,95"
2021,17 Ago,Uber *Trip Help.Uber.C ,"2,00"
2021,17 Ago,Uber *Uber *Trip ,"31,01"
2021,19 Ago,Surf *Correioscel ,"40,00"
2021,23 Ago,Uber *Uber *Trip ,"7,98"
2021,23 Ago,Uber *Uber *Trip ,"8,91"
2021,27 Ago,Uber *Uber *Trip ,"19,96"
2021,27 Ago,Amazon.Com.Br 1/2,"44,45"
2021,30 Ago,Amazonprimebr ,"9,90"
2021,03 Set,Amazon.Com.Br 3/3,"66,66"
2021,03 Set,Riachuelo 2/2,"52,90"
2021,03 Set,Amazon.Com.Br 2/2,"79,45"
2021,03 Set,W P C Intermediacao de 2/3,"36,66"
2021,03 Set,Amazon.Com.Br 2/2,"44,45"
2021,03 Set,Cloudwa*Tainan Leon da 2/2,"55,00"
2021,03 Set,Mercadolibre*Mercadol 2/2,"45,70"
2021,04 Set,Mercadolibre*Mercadol 1/2,"61,80"
2021,04 Set,Ifood *Ifood ,"36,89"
2021,08 Set,Pagamento recebido ,"-1.008,42"
2021,10 Set,Amazon.Com.Br ,"37,90"
2021,11 Set,Vetorial Int*Fat ,"25,00"
2021,11 Set,Vetorial Int*Fat ,"25,00"
2021,11 Set,Vetorial Int*Fat ,"129,00"
2021,13 Set,Uber *Uber *Trip ,"6,32"
2021,13 Set,Uber *Uber *Trip ,"3,00"
2021,13 Set,Pag*Patricknevesdossa ,"19,96"
2021,15 Set,Ifood *Ifood ,"28,79"
2021,15 Set,Tania M G Lopes ,"3,75"
2021,16 Set,Serasa 1/12,"17,23"
2021,17 Set,Uber *Uber *Trip ,"7,94"
2021,17 Set,Uber *Uber *Trip ,"9,94"
2021,18 Set,Correios Cel*Recarga ,"40,00"
2021,21 Set,Ifd*Wms Supermercados ,"49,44"
2021,25 Set,Uber *Uber *Trip ,"8,91"
2021,28 Set,Uber *Uber *Trip ,"11,91"
2021,29 Set,Amazonprimebr ,"9,90"
2021,29 Set,Amazon 1/2,"35,95"
2021,01 Out,Burger King Shop Pelot ,"25,90"
2021,01 Out,Uber *Uber *Trip ,"9,98"
2021,03 Out,Serasa 2/12,"17,17"
2021,03 Out,Mercadolibre*Mercadol 2/2,"61,79"
2021,03 Out,W P C Intermediacao de 3/3,"36,66"
2021,03 Out,Amazon 2/2,"35,95"
2021,05 Out,Pagamento recebido ,"-985,33"
2021,06 Out,Top Alimentos ,"16,85"
2021,07 Out,Pag*Spacecoversnews ,"39,90"
2021,07 Out,Mercado Humuarama ,"36,25"
2021,07 Out,Roberto H Peter e Cia 1/2,"59,95"
2021,07 Out,Kalunga Shopping Pelot 1/3,"36,64"
2021,08 Out,Ifood *Ifood ,"31,99"
2021,11 Out,Pag*Paulorobertoweste ,"50,00"
2021,11 Out,Panvel Filial ,"14,49"
2021,11 Out,Clip Pelotas ,"14,99"
2021,12 Out,Expresso Embaixador ,"85,80"
2021,12 Out,Uber *Trip Help.Uber.C ,"7,99"
2021,12 Out,Vetorial Int*Fat ,"98,90"
2021,12 Out,Pag*Nandadoces ,"60,00"
2021,12 Out,Unesul Matriz 1/5,"45,83"
2021,12 Out,Farmacia Sao Joao ,"29,98"
2021,12 Out,Uber *Uber *Trip ,"14,92"
2021,12 Out,Uber *Uber *Trip ,"3,00"
2021,14 Out,Dicases Palotina ,"30,00"
2021,17 Out,Pag*Thiagoantonio ,"18,00"
2021,18 Out,Correios Cel*Recarga ,"40,00"
2021,30 Out,Doce Lar ,"9,24"
2021,31 Out,Pag*Maurovonmuehlen ,"8,00"
2021,03 Nov,Serasa 3/12,"17,17"
2021,03 Nov,Unesul Matriz 2/5,"45,82"
2021,03 Nov,Roberto H Peter e Cia 2/2,"59,95"
2021,03 Nov,Kalunga Shopping Pelot 2/3,"36,63"
2021,04 Nov,Cremonese Assados ,"19,97"
2021,05 Nov,Mercado Iguacu ,"25,30"
2021,06 Nov,Pag*Leticianunesdo ,"21,50"
2021,06 Nov,Ki Shawarma ,"21,00"
2021,06 Nov,Dicases Palotina ,"75,00"
2021,06 Nov,Pagamento recebido ,"-904,29"
2021,07 Nov,Hipermercado Cvale ,"31,96"
2021,07 Nov,44 Ginteria Steak Hou ,"89,90"
2021,09 Nov,G A Machado e Cia ,"6,00"
2021,09 Nov,Mercado Iguacu ,"14,70"
2021,09 Nov,Biazussi e Sangalli ,"51,56"
2021,10 Nov,Vagner . ,"39,00"
2021,10 Nov,Sorvetes e Picoles Ca ,"8,00"
2021,10 Nov,Supermercado Biondo ,"9,25"
2021,11 Nov,Viacao Ouro e Prata 1/3,"83,10"
2021,12 Nov,Trento de Palotina ,"20,14"
2021,12 Nov,Bozo Lanches ,"19,00"
2021,13 Nov,Biazussi e Sangalli ,"9,40"
2021,14 Nov,Biazussi e Sangalli ,"18,70"
2021,15 Nov,Posto Cauneto ,"4,00"
2021,15 Nov,Asfuca ,"5,00"
2021,15 Nov,Asfuca ,"10,00"
2021,15 Nov,Pag*Brunodossantos ,"30,88"
2021,15 Nov,Asfuca ,"10,00"
2021,15 Nov,Asfuca ,"10,00"
2021,16 Nov,Canassa Delivery ,"9,00"
2021,17 Nov,Correios Cel*Recarga ,"40,00"
2021,17 Nov,Mercado Ideal ,"17,37"
2021,20 Nov,Correios Cel*Recarga ,"40,00"
2021,20 Nov,Pag*Postoestreladoura ,"20,00"
2021,20 Nov,Uber *Uber *Trip ,"12,14"
2021,20 Nov,Uber *Uber *Trip ,"3,00"
2021,20 Nov,Uber *Uber *Trip ,"10,92"
2021,20 Nov,Camargo Vending ,"4,50"
2021,20 Nov,Jaqueline Larraneaga D ,"6,00"
2021,20 Nov,Filial Cascavel Shoppi ,"21,20"
2021,21 Nov,Ki Shawarma ,"21,00"
2021,21 Nov,Sidaw Comercio de Prod 1/2,"44,75"
2021,27 Nov,Biazussi e Sangalli ,"10,93"
2021,03 Dez,Serasa 4/12,"17,17"
2021,03 Dez,Sidaw Comercio de Prod 2/2,"44,75"
2021,03 Dez,Viacao Ouro e Prata 2/3,"83,10"
2021,03 Dez,Unesul Matriz 3/5,"45,82"
2021,03 Dez,Kalunga Shopping Pelot 3/3,"36,63"
2021,08 Dez,Pagamento recebido ,"-500,00"
2021,09 Dez,Point Beer ,"40,00"
2021,10 Dez,Parcelamento de Fatura 1/3,"216,82"
2021,10 Dez,Biazussi e Sangalli L ,"5,20"
2021,10 Dez,Crédito de parcelamento ,"-553,74"
2021,10 Dez,Mp *Avenidalanche ,"21,00"
2021,11 Dez,Auto Posto Cauneto ,"6,00"
2021,11 Dez,Point Beer ,"40,00"
2021,11 Dez,N Benitez Cagol Resta ,"27,00"
2021,12 Dez,Ponto Certo ,"25,00"
2021,12 Dez,Biazussi e Sangalli L ,"11,40"
2021,14 Dez,Biazussi e Sangalli ,"23,64"
2021,14 Dez,G A Machado e Cia ,"3,00"
2021,15 Dez,Expresso Embaixador 1/2,"47,98"
2021,15 Dez,Larica Delivery ,"20,50"
2021,17 Dez,Biazussi e Sangalli ,"39,43"
2021,18 Dez,Crédito de parcelamento de compra ,"-40,00"
2021,18 Dez,Crédito de parcelamento de compra ,"-40,00"
2021,18 Dez,Biazussi e Sangalli ,"28,00"
2021,18 Dez,"Parcelamento de Compra ""Point Beer"" 1/2","20,59"
2021,18 Dez,"Parcelamento de Compra ""Point Beer"" 1/2","20,59"
2021,19 Dez,Papaleguas ,"9,00"
2021,20 Dez,Lanches Serra Dourada ,"8,00"
2022,03 Jan,Serasa 5/12,"17,17"
2022,03 Jan,Parcelamento de Fatura 2/3,"216,82"
2022,03 Jan,Expresso Embaixador 2/2,"47,97"
2022,03 Jan,"Parcelamento de Compra ""Point Beer"" 2/2","20,59"
2022,03 Jan,Unesul Matriz 4/5,"45,82"
2022,03 Jan,"Parcelamento de Compra ""Point Beer"" 2/2","20,59"
2022,03 Jan,Viacao Ouro e Prata 3/3,"83,10"
2022,04 Jan,Pagamento recebido ,"-80,00"
2022,05 Jan,Pagamento recebido ,"-680,62"
2022,05 Jan,Jk Bar ,"33,00"
2022,06 Jan,Silvinha Family Diver ,"5,00"
2022,06 Jan,Burger King Shop Pelot ,"36,90"
2022,06 Jan,Cobasi O Shopping do S ,"29,99"
2022,07 Jan,Mercado Umuarama ,"28,49"
2022,08 Jan,Mercado Umuarama ,"11,70"
2022,09 Jan,Pag*Danielesouza 1/3,"51,68"
2022,09 Jan,00005 Lj Pelotas ,"49,90"
2022,09 Jan,Crédito de parcelamento de compra ,"-49,90"
2022,09 Jan,Uber *Uber *Trip ,"11,74"
2022,09 Jan,"Parcelamento de Compra ""00005 Lj Pelotas"" 1/2","25,69"
2022,09 Jan,Nacional Gerneral Osor ,"11,96"
2022,09 Jan,Correios Cel*Recarga ,"40,00"
2022,10 Jan,Udemy ,"34,90"
2022,11 Jan,Posto 3k ,"33,50"
2022,11 Jan,Panvel Filial ,"10,49"
2022,14 Jan,Lojas Americanas ,"9,99"
2022,14 Jan,Burger King Shop Pelot ,"13,80"
2022,18 Jan,Top Alimentos ,"7,30"
2022,21 Jan,Bred Capas ,"80,00"
2022,21 Jan,Pag*Panvelfilial321 ,"7,74"
2022,22 Jan,Mercado Umuarama ,"15,19"
2022,23 Jan,Uber *Uber *Trip ,"1,00"
2022,23 Jan,Mercado Umuarama ,"54,90"
2022,23 Jan,Pag*Ferragemmirim ,"20,00"
2022,24 Jan,Uber *Trip ,"8,12"
2022,25 Jan,Mercado Umuarama ,"21,69"
2022,27 Jan,Amazon.Com.Br ,"8,70"
2022,28 Jan,Pag*Flordeliz ,"11,50"
2022,29 Jan,Amazonprimebr ,"9,90"
2022,03 Fev,Pag*Danielesouza 2/3,"51,66"
2022,03 Fev,Serasa 6/12,"17,17"
2022,03 Fev,Parcelamento de Fatura 3/3,"216,82"
2022,03 Fev,"Parcelamento de Compra ""00005 Lj Pelotas"" 2/2","25,69"
2022,03 Fev,Pagamento recebido ,"-404,17"
2022,03 Fev,Unesul Matriz 5/5,"45,82"
2022,04 Fev,Mercado Umuarama ,"15,11"
2022,04 Fev,Amazon Marketplace 1/5,"35,46"
2022,05 Fev,Pagamento recebido ,"-29,00"
2022,05 Fev,Posto de Combustiveis ,"13,00"
2022,05 Fev,Pp *Ikeg Cheers 1/4,"22,06"
2022,05 Fev,Pagamento recebido ,"-682,76"
2022,06 Fev,Kalunga Shopping Pelot ,"8,90"
2022,06 Fev,Lojas Renner Fl 1/2,"69,95"
2022,06 Fev,Pag*Pelotas ,"12,68"
2022,06 Fev,Giraffas ,"58,00"
2022,08 Fev,Uber *Uber *Trip ,"7,90"
2022,08 Fev,Correios Cel*Recarga ,"40,00"
2022,10 Fev,Cobasi O Shopping do S ,"52,30"
2022,11 Fev,Uber *Uber *Trip ,"11,35"
2022,12 Fev,Crédito de parcelamento de compra ,"-58,00"
2022,12 Fev,Uber *Trip ,"11,65"
2022,12 Fev,"Parcelamento de Compra ""Giraffas"" 1/2","29,57"
2022,12 Fev,Crédito de parcelamento de compra ,"-52,30"
2022,12 Fev,Uber *Uber *Trip ,"8,35"
2022,12 Fev,"Parcelamento de Compra ""Cobasi O Shopping do S"" 1/2","26,67"
2022,13 Fev,Filial Drive Pelotas ,"12,90"
2022,14 Fev,Amazon.Com.Br ,"14,57"
2022,14 Fev,Posto 3k ,"18,00"
2022,15 Fev,Burger King Shop Pelot ,"17,50"
2022,16 Fev,Uber *Uber *Trip ,"11,79"
2022,16 Fev,Uber *Uber *Trip ,"13,08"
2022,20 Fev,Uber *Uber *Trip ,"7,18"
2022,20 Fev,Uber *Uber *Trip ,"8,05"
2022,20 Fev,Uber *Uber *Trip ,"6,49"
2022,22 Fev,Kalunga Shopping Pelot ,"5,90"
2022,22 Fev,Burger King Shop Pelot ,"31,90"
2022,22 Fev,G L Gotuzzo Eireli ,"26,00"
2022,25 Fev,Burger King Shop Pelot ,"32,90"
2022,25 Fev,Lojas Americanas ,"18,98"
2022,26 Fev,Amazon Marketplace 1/2,"32,40"
2022,01 Mar,Amazonprimebr ,"9,90"
2022,03 Mar,"Parcelamento de Compra ""Giraffas"" 2/2","29,57"
2022,03 Mar,Pag*Danielesouza 3/3,"51,66"
2022,03 Mar,Lojas Renner Fl 2/2,"69,95"
2022,03 Mar,Amazon Marketplace 2/2,"32,40"
2022,03 Mar,Serasa 7/12,"17,17"
2022,03 Mar,Pp *Ikeg Cheers 2/4,"22,06"
2022,03 Mar,Amazon Marketplace 2/5,"35,43"
2022,03 Mar,"Parcelamento de Compra ""Cobasi O Shopping do S"" 2/2","26,67"
2022,04 Mar,Lojas Americanas ,"17,96"
2022,04 Mar,Burger King Shop Pelot ,"23,30"
2022,04 Mar,Lojas Renner Fl ,"89,90"
2022,04 Mar,Cineflix ,"9,00"
2022,06 Mar,Pagamento recebido ,"-800,00"
2022,06 Mar,Pagamento recebido ,"-35,00"
2022,06 Mar,Mercado Umuarama ,"11,58"
2022,07 Mar,Universo da Pizza ,"70,00"
2022,07 Mar,Crédito de parcelamento de compra ,"-89,90"
2022,07 Mar,"Parcelamento de Compra ""Lojas Renner Fl"" 1/2","45,84"
2022,07 Mar,Correios Cel*Recarga ,"40,00"
2022,07 Mar,Uber *Uber *Trip ,"8,70"
2022,08 Mar,Amazon 1/3,"36,67"
2022,09 Mar,Mp *Fretesrenato2 1/3,"126,52"
2022,10 Mar,Uber *Uber *Trip ,"9,97"
2022,10 Mar,Crédito de parcelamento ,"-108,35"
2022,11 Mar,Parcelamento de Fatura 1/3,"43,92"
2022,15 Mar,Pagamento recebido ,"-20,00"
2022,16 Mar,Mercado Umuarama ,"36,90"
2022,17 Mar,"Parcelamento de Compra ""Mercado Umuarama"" 1/2","18,81"
2022,17 Mar,Crédito de parcelamento de compra ,"-70,00"
2022,17 Mar,Crédito de parcelamento de compra ,"-36,90"
2022,17 Mar,"Parcelamento de Compra ""Universo da Pizza"" 1/2","35,69"
2022,17 Mar,Amazon.Com.Br ,"25,46"
2022,21 Mar,Don Lounge Bar ,"54,00"
2022,21 Mar,Uber *Trip Help.Uber.C ,"11,91"
2022,25 Mar,Posto 3k ,"11,00"
2022,27 Mar,Pag*Postobarroso ,"5,00"
2022,27 Mar,Pag*Cachorrodojao ,"30,00"
2022,28 Mar,"Parcelamento de Compra ""Don Lounge Bar"" 1/2","27,54"
2022,28 Mar,Dfeira Mixfood ,"4,00"
2022,28 Mar,Crédito de parcelamento de compra ,"-54,00"
2022,29 Mar,Amazonprimebr ,"9,90"
2022,01 Abr,Burger King Shop Pelot ,"8,90"
2022,03 Abr,"Parcelamento de Compra ""Mercado Umuarama"" 2/2","18,81"
2022,03 Abr,"Parcelamento de Compra ""Don Lounge Bar"" 2/2","27,54"
2022,03 Abr,"Parcelamento de Compra ""Lojas Renner Fl"" 2/2","45,84"
2022,03 Abr,Serasa 8/12,"17,17"
2022,03 Abr,Amazon 2/3,"36,66"
2022,03 Abr,"Parcelamento de Compra ""Universo da Pizza"" 2/2","35,69"
2022,03 Abr,Pp *Ikeg Cheers 3/4,"22,06"
2022,03 Abr,Amazon Marketplace 3/5,"35,43"
2022,03 Abr,Parcelamento de Fatura 2/3,"43,92"
2022,03 Abr,Mp *Fretesrenato2 2/3,"126,51"
2022,05 Abr,Top Alimentos ,"10,00"
2022,05 Abr,Pagamento recebido ,"-791,60"
2022,06 Abr,Pagamento recebido ,"-340,00"
2022,06 Abr,Amazon 1/3,"40,04"
2022,06 Abr,Mercado Umuarama ,"6,25"
2022,07 Abr,Eletronica do Professo 1/4,"23,19"
2022,07 Abr,Amazon Marketplace 1/2,"122,00"
2022,07 Abr,Eletronica Shop ,"25,50"
2022,07 Abr,Pag*Ingressonacional 1/2,"109,50"
2022,08 Abr,Panvel Filial ,"21,98"
2022,08 Abr,Burger King Shop Pelot ,"44,90"
2022,08 Abr,Lojas Americanas ,"29,48"
2022,11 Abr,Amazon.Com.Br ,"22,77"
2022,12 Abr,Uber *Uber *Trip ,"6,37"
2022,12 Abr,Uber *Uber *Trip ,"9,66"
2022,15 Abr,Lojas Americanas ,"21,98"
2022,15 Abr,Uber *Uber *Trip ,"7,33"
2022,17 Abr,Mercado Umuarama ,"21,86"
2022,17 Abr,Comercio de Combustive ,"3,99"
2022,24 Abr,Uber *Uber *Trip ,"7,90"
2022,26 Abr,Uber *Uber *Trip ,"14,94"
2022,27 Abr,Mercado Umuarama ,"4,99"
2022,29 Abr,Amazonprimebr ,"9,90"
2022,01 Mai,Uber *Uber *Trip ,"13,97"
2022,02 Mai,Uber *Uber *Trip ,"33,01"
2022,03 Mai,Amazon 3/3,"36,66"
2022,03 Mai,Serasa 9/12,"17,17"
2022,03 Mai,Eletronica do Professo 2/4,"23,17"
2022,03 Mai,Amazon Marketplace 2/2,"122,00"
2022,03 Mai,Amazon 2/3,"40,04"
2022,03 Mai,Amazon Marketplace 4/5,"35,43"
2022,03 Mai,Pp *Ikeg Cheers 4/4,"22,06"
2022,03 Mai,Parcelamento de Fatura 3/3,"43,92"
2022,03 Mai,Pag*Ingressonacional 2/2,"109,50"
2022,03 Mai,Mp *Fretesrenato2 3/3,"126,51"
2022,04 Mai,Mercado Umuarama ,"29,70"
2022,04 Mai,Uber *Uber *Trip ,"13,93"
2022,06 Mai,Pagamento recebido ,"-681,15"
2022,07 Mai,Pagamento recebido ,"-92,00"
2022,07 Mai,Ifood *Ifood ,"34,89"
2022,09 Mai,Amazon.Com.Br 1/2,"91,27"
2022,09 Mai,Mercearia Jjh ,"3,50"
2022,09 Mai,Posto 3k ,"9,77"
2022,09 Mai,Uber *Uber *Trip ,"14,94"
2022,10 Mai,Correios Cel*Recarga ,"40,00"
2022,14 Mai,Tania M G Lopes ,"16,40"
2022,15 Mai,Padaria da Figueira ,"8,50"
2022,21 Mai,Mercado Umuarama ,"7,38"
2022,22 Mai,Ame*Americanasloja ,"7,16"
2022,22 Mai,Burger King Shop Pelot ,"50,00"
2022,22 Mai,Crédito de parcelamento de compra ,"-50,00"
2022,22 Mai,993 Shopping Pelotas 1/2,"35,00"
2022,22 Mai,"Parcelamento de Compra ""Burger King Shop Pelot"" 1/2","25,50"
2022,23 Mai,Supermercado Guanabara 1/6,"18,35"
2022,23 Mai,Top Alimentos ,"6,85"
2022,23 Mai,Supermercado Guanabara ,"13,44"
2022,27 Mai,Pag*Flordeliz ,"17,50"
2022,27 Mai,Pagamento recebido ,"-25,00"
2022,28 Mai,Ifood *Ifood ,"46,89"
2022,29 Mai,Mercado Umuarama ,"17,53"
2022,30 Mai,Amazonprimebr ,"9,90"
2022,03 Jun,Supermercado Guanabara 2/6,"18,31"
2022,03 Jun,Serasa 10/12,"17,17"
2022,03 Jun,Eletronica do Professo 3/4,"23,17"
2022,03 Jun,Amazon.Com.Br 2/2,"91,27"
2022,03 Jun,Amazon 3/3,"40,04"
2022,03 Jun,Amazon Marketplace 5/5,"35,43"
2022,03 Jun,993 Shopping Pelotas 2/2,"34,99"
2022,03 Jun,"Parcelamento de Compra ""Burger King Shop Pelot"" 2/2","25,50"
2022,04 Jun,Mercado Umuarama ,"24,33"
2022,05 Jun,Padaria Labodeguita ,"41,55"
2022,05 Jun,Uber *Uber *Trip ,"7,93"
2022,05 Jun,Deplastik Com Embalage ,"23,10"
2022,05 Jun,Festascom 1/2,"48,50"
2022,05 Jun,Pag*Janioribeirodepai ,"10,00"
2022,05 Jun,Mirelli Presentes ,"17,00"
2022,06 Jun,Posto Umuharama ,"18,00"
2022,06 Jun,Pagamento recebido ,"-927,86"
2022,07 Jun,Mercado Umuarama ,"13,88"
2022,08 Jun,Crédito de parcelamento de compra ,"-49,10"
2022,08 Jun,Mercado Umuarama ,"49,10"
2022,08 Jun,"Parcelamento de Compra ""Mercado Umuarama"" 1/2","25,04"
2022,09 Jun,Correios Cel*Recarga ,"40,00"
2022,09 Jun,Ifood *Ifood ,"34,00"
2022,09 Jun,Google Voodoo ,"16,99"
2022,11 Jun,Panvel Filial ,"43,78"
2022,11 Jun,Pag*Tatyspizzaria ,"34,50"
2022,12 Jun,Brapel Comercio de Ali ,"6,90"
2022,12 Jun,Burger King Shop Pelot ,"28,50"
2022,12 Jun,Uber *Uber *Trip ,"11,96"
2022,13 Jun,Uber *Uber *Trip ,"11,91"
2022,13 Jun,Kalunga Shopping Pelot ,"60,50"
2022,13 Jun,Pagamento recebido ,"-40,00"
2022,13 Jun,Uber *Uber *Trip ,"11,95"
2022,13 Jun,Pag*Parquenovacascata ,"159,00"
2022,14 Jun,Ifood *Ifood ,"40,79"
2022,17 Jun,Macro Atacado Krolow ,"265,26"
2022,18 Jun,Heisenberg Burguer ,"85,86"
2022,26 Jun,Pag*Mixpastel ,"19,00"
2022,26 Jun,Mercado Umuarama ,"12,44"
2022,26 Jun,Posto Azeredo ,"30,00"
2022,28 Jun,Pagamento recebido ,"-9,50"
2022,03 Jul,Supermercado Guanabara 3/6,"18,31"
2022,03 Jul,Serasa 11/12,"17,17"
2022,03 Jul,"Parcelamento de Compra ""Mercado Umuarama"" 2/2","25,04"
2022,03 Jul,Eletronica do Professo 4/4,"23,17"
2022,03 Jul,Festascom 2/2,"48,50"
2022,05 Jul,Pagamento recebido ,"-1.379,04"
2022,05 Jul,Pagamento recebido ,"-3,80"
2022,06 Jul,Kalunga Shopping Pelot ,"45,20"
2022,06 Jul,Raphaelf 1/2,"110,00"
2022,06 Jul,Burger King Shop Pelot ,"33,80"
2022,09 Jul,Posto Umuharama ,"16,50"
2022,09 Jul,Uber *Uber *Trip ,"1,94"
2022,10 Jul,Nacional Gerneral Osor ,"3,39"
2022,11 Jul,Andrea Peres Duarte ,"13,00"
2022,11 Jul,Comercial Avila ,"14,99"
2022,13 Jul,Brapel C de A ,"35,90"
2022,13 Jul,Uber *Uber *Trip ,"10,95"
2022,13 Jul,Uber *Uber *Trip ,"8,98"
2022,13 Jul,Pag*Arianesegalechart ,"150,00"
2022,14 Jul,Ifood *Ifood ,"88,99"
2022,16 Jul,Pagamento recebido ,"-24,90"
2022,16 Jul,Pagamento recebido ,"-20,00"
2022,17 Jul,Ifood *Ifood ,"55,80"
2022,18 Jul,Sim Areal ,"19,85"
2022,18 Jul,Pag*Marcellyrodrigues ,"20,00"
2022,18 Jul,Pag*Marcellyrodrigues ,"12,00"
2022,18 Jul,Nacional Tupy Silveira ,"7,68"
2022,19 Jul,Mercado Umuarama ,"7,70"
2022,20 Jul,Top Alimentos ,"6,70"
2022,20 Jul,Maxxi Pelotas ,"47,06"
2022,22 Jul,Panvel Filial ,"12,03"
2022,23 Jul,Mercado Umuarama ,"31,15"
2022,23 Jul,Pagamento recebido ,"-29,50"
2022,24 Jul,Ame*Americanascom ,"4,98"
2022,24 Jul,Giraffas ,"59,00"
2022,24 Jul,Cobasi O Shopping do S ,"46,40"
2022,24 Jul,Pag*Helpcelulares ,"54,00"
2022,24 Jul,Pag*Lerrocomerciode ,"3,58"
2022,27 Jul,Giraffas ,"67,00"
2022,30 Jul,Pagamento recebido ,"-30,85"
2022,31 Jul,Big ,"12,48"
2022,31 Jul,Pag*Evelynmachadolarr ,"67,70"
2022,01 Ago,Posto Umuharama ,"14,00"
2022,03 Ago,Supermercado Guanabara 4/6,"18,31"
2022,03 Ago,Serasa 12/12,"17,17"
2022,03 Ago,Raphaelf 2/2,"110,00"
2022,04 Ago,Mercado Umuarama ,"12,70"
2022,05 Ago,Ifood *Ifood ,"64,90"
2022,06 Ago,Ifood *Ifood ,"32,98"
2022,06 Ago,Amazon-Marketplace ,"49,90"
2022,06 Ago,Mercado Umuarama ,"34,40"
2022,07 Ago,Pagamento recebido ,"-200,00"
2022,08 Ago,Kalunga Shopping Pelot ,"70,90"
2022,08 Ago,Brapel Comercio de Ali ,"45,20"
2022,08 Ago,Brapel Comercio de Ali ,"10,90"
2022,08 Ago,Uber *Uber *Trip ,"8,42"
2022,09 Ago,Pagamento recebido ,"-755,89"
2022,10 Ago,Mercado Umuarama ,"14,79"
2022,10 Ago,Crédito de parcelamento ,"-150,00"
2022,10 Ago,Mercadolivre*Assurant 1/2,"23,16"
2022,10 Ago,Mercadolivre*Mercadol 1/2,"236,11"
2022,10 Ago,Amazon.Com.Br ,"16,01"
2022,11 Ago,Crédito de parcelamento de compra ,"-64,90"
2022,11 Ago,Crédito de parcelamento de compra ,"-70,90"
2022,11 Ago,"Parcelamento de Compra ""Ifood *Ifood"" 1/3","22,41"
2022,11 Ago,"Parcelamento de Compra ""Kalunga Shopping Pelot"" 1/3","24,49"
2022,12 Ago,Bred Capas 1/3,"38,30"
2022,12 Ago,Parcelamento de Fatura 1/3,"58,63"
2022,14 Ago,Panvel Filial ,"27,07"
2022,14 Ago,Mercado Umuarama ,"12,27"
2022,14 Ago,Panvel Filial ,"48,09"
2022,16 Ago,Dm *Udemy ,"54,90"
2022,17 Ago,Uber *Uber *Trip ,"9,97"
2022,26 Ago,Top Alimentos ,"18,40"
2022,26 Ago,Pag*Flordeliz ,"8,20"
2022,29 Ago,Uber *Trip Help.Uber.C ,"12,99"
2022,29 Ago,Amazonprimebr ,"14,90"
2022,31 Ago,Mercado Umuarama ,"19,15"
2022,03 Set,Supermercado Guanabara 5/6,"18,31"
2022,03 Set,Pagamento recebido ,"-20,00"
2022,03 Set,Bred Capas 2/3,"38,30"
2022,03 Set,Pagamento recebido ,"-10,00"
2022,03 Set,Parcelamento de Fatura 2/3,"58,63"
2022,03 Set,Pagamento recebido ,"-50,00"
2022,03 Set,Mercadolivre*Assurant 2/2,"23,15"
2022,03 Set,"Parcelamento de Compra ""Ifood *Ifood"" 2/3","22,41"
2022,03 Set,Mercadolivre*Mercadol 2/2,"236,11"
2022,03 Set,"Parcelamento de Compra ""Kalunga Shopping Pelot"" 2/3","24,49"
2022,04 Set,Armazem Paraiso ,"18,04"
2022,04 Set,Abastecedora Mania ,"24,99"
2022,06 Set,Pagamento recebido ,"-919,82"
2022,07 Set,Mercado Umuarama ,"16,04"
2022,08 Set,Big ,"36,55"
2022,08 Set,Posto do Guga ,"51,50"
2022,08 Set,Burger King Shop Pelot ,"13,90"
2022,08 Set,Subway ,"23,80"
2022,11 Set,Uber *Uber *Trip ,"10,98"
2022,11 Set,Lojas Renner Fl 1/3,"53,28"
2022,11 Set,Restaurante Serrano ,"202,80"
2022,11 Set,Burger King Shop Pelot ,"34,90"
2022,12 Set,Abastecedora Mania ,"11,00"
2022,12 Set,Amazon.Com.Br ,"19,30"
2022,13 Set,Uber *Uber *Trip ,"7,99"
2022,13 Set,Mercado Umuarama ,"10,00"
2022,13 Set,Uber *Uber *Trip ,"19,99"
2022,14 Set,"Parcelamento de Compra ""Restaurante Serrano"" 1/3","70,04"
2022,14 Set,"Parcelamento de Compra ""Posto do Guga"" 1/2","26,26"
2022,14 Set,Top Alimentos ,"15,90"
2022,14 Set,Crédito de parcelamento de compra ,"-51,50"
2022,14 Set,Crédito de parcelamento de compra ,"-202,80"
2022,16 Set,Mercado Umuarama ,"13,43"
2022,16 Set,Amazon.Com.Br ,"16,00"
2022,17 Set,Mercado Umuarama ,"21,73"
2022,17 Set,Alfaro Bikes ,"70,00"
2022,18 Set,Uber *Uber *Trip ,"11,94"
2022,18 Set,Assb Comercio Varejist ,"13,80"
2022,18 Set,Uber *Uber *Trip ,"8,60"
2022,19 Set,Panvel Filial ,"5,98"
2022,29 Set,Amazonprimebr ,"14,90"
2022,30 Set,Ifood *Ifood ,"21,49"
2022,01 Out,Pagamento recebido ,"-14,00"
2022,01 Out,Mercado Umuarama ,"27,73"
2022,02 Out,Mc Comercio Alimentici ,"30,00"
2022,02 Out,Lojas Americanas ,"41,18"
2022,02 Out,Pag*Casamaria ,"26,90"
2022,02 Out,Uber *Uber *Trip ,"10,98"
2022,03 Out,"Parcelamento de Compra ""Restaurante Serrano"" 2/3","70,04"
2022,03 Out,Bred Capas 3/3,"38,30"
2022,03 Out,Lojas Renner Fl 2/3,"53,26"
2022,03 Out,"Parcelamento de Compra ""Posto do Guga"" 2/2","26,26"
2022,03 Out,Pagamento recebido ,"-58,00"
2022,03 Out,Parcelamento de Fatura 3/3,"58,63"
2022,03 Out,"Parcelamento de Compra ""Ifood *Ifood"" 3/3","22,41"
2022,03 Out,"Parcelamento de Compra ""Kalunga Shopping Pelot"" 3/3","24,49"
2022,03 Out,Supermercado Guanabara 6/6,"18,31"
2022,04 Out,Abastecedora Mania ,"9,99"
2022,04 Out,Sao Joao Farmacia ,"8,07"
2022,04 Out,Pagamento recebido ,"-50,00"
2022,05 Out,Pag*Flordeliz ,"17,50"
2022,05 Out,Pagamento recebido ,"-931,78"
2022,05 Out,Panvel Filial ,"35,67"
2022,05 Out,Uber *Uber *Trip ,"11,02"
2022,05 Out,Tania M G Lopes ,"5,15"
2022,06 Out,Uber *Uber *Trip ,"11,17"
2022,07 Out,Mercado Umuarama ,"12,35"
2022,08 Out,Mercado Umuarama ,"8,35"
2022,08 Out,Gelei Fan Fest ,"58,39"
2022,08 Out,Recarga de celular ,"40,00"
2022,09 Out,Pagamento recebido ,"-6,00"
2022,09 Out,Mercado Umuarama ,"15,34"
2022,10 Out,Burger King Shop Pelot ,"37,70"
2022,10 Out,Burger King Shop Pelot ,"9,90"
2022,10 Out,Crédito de parcelamento ,"-115,24"
2022,10 Out,Parcelamento de Fatura 1/3,"46,72"
2022,11 Out,Panvel Filial ,"41,92"
2022,11 Out,Mercado Umuarama ,"13,83"
2022,13 Out,Atacadao 122 As ,"19,97"
2022,13 Out,Crédito de parcelamento de compra ,"-41,92"
2022,13 Out,"Parcelamento de Compra ""Panvel Filial"" 1/2","21,38"
2022,16 Out,Mercado Umuarama ,"15,29"
2022,16 Out,Abastecedora Mania ,"18,39"
2022,17 Out,Uber *Uber *Trip ,"7,94"
2022,17 Out,Burger King Shop Pelot ,"69,80"
2022,17 Out,Lojas Americanas ,"18,48"
2022,18 Out,Uber *Uber *Trip ,"19,08"
2022,18 Out,Uber *Uber *Trip ,"20,43"
2022,29 Out,Top Alimentos ,"15,99"
2022,29 Out,Mercado Umuarama ,"13,49"
2022,29 Out,Amazonprimebr ,"14,90"
2022,30 Out,Panvel Filial ,"12,56"
2022,30 Out,Mercado Umuarama ,"31,85"
2022,31 Out,Abastecedora Mania ,"14,83"
2022,01 Nov,Mercado Umuarama ,"29,15"
2022,03 Nov,Pousada da Cachoeira ,"12,00"
2022,03 Nov,Parcelamento de Fatura 2/3,"46,72"
2022,03 Nov,"Parcelamento de Compra ""Restaurante Serrano"" 3/3","70,04"
2022,03 Nov,Lojas Renner Fl 3/3,"53,26"
2022,03 Nov,"Parcelamento de Compra ""Panvel Filial"" 2/2","21,38"
2022,04 Nov,Mercado Umuarama ,"19,62"
2022,05 Nov,Pagamento recebido ,"-24,40"
2022,05 Nov,Mercado Umuarama ,"16,04"
2022,05 Nov,Ifood *Ifood ,"43,89"
2022,06 Nov,W P C Comercio de Prod 1/2,"37,50"
2022,06 Nov,Pagamento recebido ,"-49,90"
2022,06 Nov,Nacional Gerneral Osor ,"19,48"
2022,06 Nov,Pag*Rosecler ,"53,39"
2022,06 Nov,Chen Presentes ,"43,00"
2022,07 Nov,Pagamento recebido ,"-916,08"
2022,08 Nov,Amazon.Com.Br ,"89,90"
2022,09 Nov,Amazon.Com.Br ,"18,79"
2022,09 Nov,"Parcelamento de Compra ""Amazon.Com.Br"" 1/2","46,70"
2022,09 Nov,Recarga de celular ,"40,00"
2022,09 Nov,Mercado Umuarama ,"38,00"
2022,09 Nov,Crédito de parcelamento de compra ,"-89,90"
2022,10 Nov,Amazon-Marketplace ,"22,62"
2022,10 Nov,Apple.Com/Bill ,"49,90"
2022,12 Nov,Mercado Umuarama ,"43,04"
2022,13 Nov,Abastecedora Mania ,"20,99"
2022,14 Nov,Black Lab Coffee ,"25,00"
2022,14 Nov,Riachuelo 1/2,"42,90"
2022,14 Nov,Panvel Filial ,"72,07"
2022,14 Nov,"Parcelamento de Compra ""Panvel Filial"" 1/2","37,44"
2022,14 Nov,Pag*Trocatelasmart ,"89,90"
2022,14 Nov,Crédito de parcelamento de compra ,"-72,07"
2022,14 Nov,"Parcelamento de Compra ""Pag*Trocatelasmart"" 1/2","46,70"
2022,14 Nov,Black Lab Coffee ,"6,00"
2022,14 Nov,Crédito de parcelamento de compra ,"-89,90"
2022,14 Nov,Ifood *Ifood ,"62,90"
2022,16 Nov,KAMILLE PERES RIBAS ,"1,04"
2022,17 Nov,Top Alimentos ,"5,50"
2022,17 Nov,Pag*Flordeliz ,"6,30"
2022,17 Nov,Mauro Eugênio Cavalheiro Farias 1/4,"42,22"
2022,17 Nov,Abastecedora Mania ,"11,99"
2022,20 Nov,Mercado Umuarama ,"20,77"
2022,20 Nov,Pagamento recebido ,"-50,00"
2022,21 Nov,Restaurante Rosalina L ,"97,00"
2022,22 Nov,Mercado Umuarama ,"13,89"
2022,22 Nov,Panvel Filial ,"27,56"
2022,24 Nov,Kalunga Shopping Pelot ,"12,10"
2022,25 Nov,Mercado Umuarama ,"11,20"
2022,25 Nov,Mercado Umuarama ,"6,50"
2022,26 Nov,Pagamento recebido ,"-2,00"
2022,26 Nov,Brapel Comercio de Ali ,"13,90"
2022,26 Nov,Pagamento recebido ,"-40,00"
2022,27 Nov,Universo da Pizza ,"91,80"
2022,01 Dez,Abastecedora Mania ,"20,00"
2022,01 Dez,Mercado Umuarama ,"35,88"
2022,02 Dez,Abastecedora Mania ,"3,00"
2022,03 Dez,W P C Comercio de Prod 2/2,"37,50"
2022,03 Dez,Riachuelo 2/2,"42,90"
2022,03 Dez,"Parcelamento de Compra ""Panvel Filial"" 2/2","37,44"
2022,03 Dez,Parcelamento de Fatura 3/3,"46,72"
2022,03 Dez,"Parcelamento de Compra ""Amazon.Com.Br"" 2/2","46,70"
2022,03 Dez,"Parcelamento de Compra ""Pag*Trocatelasmart"" 2/2","46,70"
2022,03 Dez,Pag*Flordeliz ,"9,00"
2022,03 Dez,Mauro Eugênio Cavalheiro Farias 2/4,"42,22"
2022,04 Dez,Ben Hur Ortiz Moreira ,"15,00"
2022,04 Dez,Big ,"51,41"
2022,04 Dez,Abastecedora Mania ,"14,05"
2022,04 Dez,Amazon.Com.Br ,"13,90"
2022,04 Dez,Crédito de parcelamento de compra ,"-150,00"
2022,04 Dez,"Parcelamento de Compra ""Pag*Flaviaasantos"" 1/3","53,75"
2022,04 Dez,Pag*Flaviaasantos ,"150,00"
2022,05 Dez,Pag*Gaston144 1/2,"60,00"
2022,05 Dez,Apple.Com/Bill ,"34,90"
2022,05 Dez,Match ,"43,80"
2022,05 Dez,Pag*Thaiscarrascofari ,"15,00"
2022,05 Dez,Mercadolivre*Mercadoli 1/3,"144,96"
2022,05 Dez,Mercadolivre*Assurants 1/3,"12,82"
2022,05 Dez,Kalunga Shopping Pelot ,"50,70"
2022,06 Dez,Pagamento recebido ,"-1.109,46"
2022,07 Dez,Pag*Gilvanmellofoster 1/3,"160,59"
2022,10 Dez,Ifood *Ifood ,"54,90"
2022,11 Dez,Polska Beer House ,"3,50"
2022,11 Dez,Abastecedora Mania ,"8,00"
2022,11 Dez,Correios Cel*Recarga ,"80,00"
2022,11 Dez,Pag*Marmitexdaju ,"31,50"
2022,12 Dez,Crédito de parcelamento ,"-156,49"
2022,12 Dez,Parcelamento de Fatura 1/3,"63,04"
2022,13 Dez,Havan Pelotas 1/2,"50,00"
2022,14 Dez,Panvel Filial ,"19,67"
2022,14 Dez,Mercado Umuarama ,"9,59"
2022,14 Dez,Capao Seco ,"15,20"
2022,15 Dez,Brapel C de A ,"19,00"
2022,15 Dez,Chen Presentes ,"30,00"
2022,16 Dez,Mercado Umuarama ,"13,00"
2022,17 Dez,Mercado Umuarama ,"8,70"
2022,17 Dez,Pg *Bt Ingressos299 ,"55,00"
2022,17 Dez,Posto Savar Pelotas ,"7,75"
2022,18 Dez,Pag*Cassolegoncalves ,"15,00"
2022,18 Dez,Pag*Mariaivonetedasil ,"13,00"
2022,18 Dez,Pag*Mariaivonetedasil ,"20,00"
2022,18 Dez,Pag*Cassolegoncalves ,"20,00"
2022,18 Dez,Pag*Cassolegoncalves ,"15,00"
2022,22 Dez,Tuna Pagamentos ,"80,31"
2022,22 Dez,Mercado Umuarama ,"26,13"
2022,24 Dez,Panvel Filial ,"17,86"
2022,25 Dez,Mercado Umuarama ,"2,39"
2022,25 Dez,Bred Capas ,"15,91"
2022,25 Dez,Sorveteria e Lancheir ,"2,50"
2022,25 Dez,Pag*Torraponta 1/2,"36,98"
2022,27 Dez,Pag*Cachorrodojao ,"10,80"
2022,27 Dez,Pag*Cristianemullerro ,"10,00"
2022,28 Dez,Mk Pelotas Shopping ,"20,00"
2022,28 Dez,Ec*Ikeg ,"46,50"
2022,28 Dez,Giraffas ,"22,00"
2022,29 Dez,Amazonprimebr ,"14,90"
2022,30 Dez,Pag*Defaultpag ,"100,60"
2023,03 Jan,Pag*Gaston144 2/2,"59,99"
2023,03 Jan,Pag*Gilvanmellofoster 2/3,"160,59"
2023,03 Jan,Mercadolivre*Mercadoli 2/3,"144,96"
2023,03 Jan,"Parcelamento de Compra ""Pag*Flaviaasantos"" 2/3","53,75"
2023,03 Jan,Pag*Torraponta 2/2,"36,98"
2023,03 Jan,Mercadolivre*Assurants 2/3,"12,81"
2023,03 Jan,Mauro Eugênio Cavalheiro Farias 3/4,"42,22"
2023,03 Jan,Havan Pelotas 2/2,"49,99"
2023,03 Jan,Parcelamento de Fatura 2/3,"63,04"
2023,04 Jan,"Estorno de ""Mercadolivre*Assurants"" ","-25,63"
2023,04 Jan,"Estorno de ""Mercadolivre*Mercadoli"" ","-289,92"
2023,05 Jan,Mercado Umuarama ,"19,84"
2023,06 Jan,Mercado Umuarama ,"13,10"
2023,07 Jan,Capao Seco ,"15,20"
2023,07 Jan,Ifood *Ifd*Burger Ki ,"57,89"
2023,07 Jan,Abastecedora Mania ,"6,50"
2023,07 Jan,Mercado Umuarama ,"10,95"
2023,08 Jan,Correios Cel*Recarga ,"40,00"
2023,09 Jan,Pagamento recebido ,"-1.226,61"
2023,09 Jan,Uber *Uber *Trip ,"11,94"
2023,09 Jan,Uber *Uber *Trip ,"11,92"
2023,09 Jan,Pag*Lerrocomerciode ,"14,68"
2023,10 Jan,Panvel Filial ,"14,34"
2023,10 Jan,Crédito de parcelamento ,"-396,63"
2023,10 Jan,Parcelamento de Fatura 1/3,"160,78"
2023,10 Jan,Abastecedora Mania ,"13,50"
2023,10 Jan,Shopee ,"97,91"
2023,11 Jan,Amazon.Com.Br ,"16,90"
2023,12 Jan,Pagamento recebido ,"-21,90"
2023,13 Jan,Mercado Umuarama ,"12,98"
2023,13 Jan,Mk Pelotas Shopping ,"28,50"
2023,13 Jan,Brapel Comercio de Ali ,"11,90"
2023,13 Jan,Lojas Americanas ,"13,99"
2023,13 Jan,Kalunga Shopping Pelot ,"20,99"
2023,15 Jan,Abastecedora Mania ,"17,98"
2023,15 Jan,Panvel Filial ,"4,77"
2023,15 Jan,Gelei Fan Fest ,"27,15"
2023,15 Jan,Nacional G.Chaves (Pel ,"54,35"
2023,16 Jan,Uber *Uber *Trip ,"8,39"
2023,16 Jan,SECRETARIA DA RECEITA FEDERAL DO BRASIL ,"68,09"
2023,16 Jan,PJBANK ,"92,45"
2023,18 Jan,Mercado Umuarama ,"18,97"
2023,18 Jan,Pag*Flordeliz ,"21,75"
2023,20 Jan,Ifood *Ifd*Cantinho ,"15,99"
2023,22 Jan,Pag*Panvelfilial477 ,"58,98"
2023,23 Jan,Ifood *Ifd*Vinicius ,"48,39"
2023,23 Jan,Abastecedora Mania ,"8,00"
2023,24 Jan,Mercado Umuarama ,"10,99"
2023,25 Jan,Mercado Umuarama ,"20,27"
2023,27 Jan,Mercado Umuarama ,"23,01"
2023,29 Jan,Superlegal Comercio de ,"29,99"
2023,29 Jan,Kalunga Shopping Pelot ,"9,90"
2023,29 Jan,Pagamento recebido ,"-23,85"
2023,29 Jan,Burger King Shop Pelot ,"47,70"
2023,01 Fev,Top Alimentos ,"21,65"
2023,01 Fev,Pg *Ton Laf.S 1/4,"137,50"
2023,02 Fev,Panvel Filial ,"12,03"
2023,03 Fev,Pag*Gilvanmellofoster 3/3,"160,59"
2023,03 Fev,Abastecedora Mania ,"11,94"
2023,03 Fev,Pag*Maverickao ,"15,00"
2023,03 Fev,Parcelamento de Fatura 2/3,"160,78"
2023,03 Fev,Pg *Ton Laf.S 2/4,"137,50"
2023,03 Fev,"Parcelamento de Compra ""Pag*Flaviaasantos"" 3/3","53,75"
2023,03 Fev,Mauro Eugênio Cavalheiro Farias 4/4,"42,22"
2023,03 Fev,Abastecedora Mania ,"15,55"
2023,03 Fev,Parcelamento de Fatura 3/3,"63,04"
2023,04 Fev,Ifood *Ifd*Central L ,"20,99"
2023,05 Fev,Panvel Filial ,"3,87"
2023,05 Fev,Tania M G Lopes ,"8,50"
2023,06 Fev,Shopee*Newcool 1/2,"24,99"
2023,06 Fev,Ebw*Shopee 1/2,"15,56"
2023,06 Fev,Pag*Reidokreps ,"18,00"
2023,06 Fev,Ebw*Shopee 1/2,"27,60"
2023,06 Fev,Pag*Cdeskimorspelotas ,"25,00"
2023,06 Fev,Uber *Uber *Trip ,"10,96"
2023,07 Fev,Mercado Umuarama ,"52,37"
2023,07 Fev,Correios Cel*Recarga ,"40,00"
2023,08 Fev,Panvel Filial 367 Plt ,"5,99"
2023,09 Fev,Pagamento recebido ,"-1.508,90"
2023,10 Fev,Parcelamento de Fatura 1/3,"170,96"
2023,10 Fev,Crédito de parcelamento ,"-421,79"
2023,11 Fev,Mercado Umuarama ,"30,50"
2023,11 Fev,Panvel Filial ,"25,98"
2023,12 Fev,EDITORA E DISTRIBUIDORA EDUCACIONAL S A ,"62,11"
2023,12 Fev,Panificadora Porto ,"5,50"
2023,12 Fev,Uber *Uber *Trip ,"14,98"
2023,12 Fev,July Damasceno Rodrigu ,"29,15"
2023,13 Fev,Burger King Shop Pelot ,"41,80"
2023,13 Fev,Lojas Americanas ,"15,99"
2023,13 Fev,Abastecedora Mania ,"9,00"
2023,16 Fev,Amazon.Com.Br ,"32,85"
2023,16 Fev,Amazon.Com.Br ,"17,91"
2023,16 Fev,Panvel Filial ,"29,18"
2023,16 Fev,Brapel C de A ,"49,30"
2023,17 Fev,Editora e Dist Educaci ,"168,71"
2023,18 Fev,Pagamento recebido ,"-33,30"
2023,18 Fev,Mercado Umuarama ,"17,16"
2023,18 Fev,Ifood *Ifd*Go Chicke ,"64,99"
2023,20 Fev,Lojas Americanas ,"10,00"
2023,20 Fev,Mercado Duarte ,"31,65"
2023,20 Fev,Estacionamento Iguatem ,"17,00"
2023,21 Fev,Rafael Andersson Roch 1/2,"59,85"
2023,21 Fev,Uber *Uber *Trip ,"6,90"
2023,21 Fev,Uber *Uber *Trip ,"19,96"
2023,21 Fev,Pag*Gustavohenrique ,"32,80"
2023,21 Fev,Kalunga Shopping Pelot ,"56,90"
2023,21 Fev,Burger King Shop Pelot ,"17,90"
2023,21 Fev,Giraffas ,"12,00"
2023,21 Fev,Uber *Uber *Trip ,"19,93"
2023,23 Fev,Ifood *Ifd*Cantinho ,"18,49"
2023,24 Fev,Abastecedora Mania ,"13,93"
2023,25 Fev,Cafe do Bosque ,"3,00"
2023,25 Fev,Uber *Uber *Trip ,"11,95"
2023,25 Fev,Uber *Uber *Trip ,"13,92"
2023,25 Fev,Bred Capas ,"19,90"
2023,25 Fev,Uber *Uber *Trip ,"10,96"
2023,26 Fev,Mercado Umuarama ,"36,17"
2023,27 Fev,Pag*Cdeskimorspelotas ,"52,50"
2023,01 Mar,Bred Capas ,"14,80"
2023,01 Mar,Amazonprimebr ,"14,90"
2023,02 Mar,Lojas Americanas ,"19,98"
2023,02 Mar,Brapel Comercio de Ali ,"11,90"
2023,03 Mar,Rafael Andersson Roch 2/2,"59,85"
2023,03 Mar,Pg *Ton Laf.S 3/4,"137,50"
2023,03 Mar,Ebw*Shopee 2/2,"15,55"
2023,03 Mar,Ebw*Shopee 2/2,"27,59"
2023,03 Mar,Parcelamento de Fatura 2/3,"170,96"
2023,03 Mar,Shopee*Newcool 2/2,"24,99"
2023,03 Mar,Parcelamento de Fatura 3/3,"160,78"
2023,04 Mar,Amazon Marketplace 1/9,"148,24"
2023,05 Mar,Macro Atacado Krolow ,"26,53"
2023,05 Mar,Abastecedora Mania ,"3,49"
2023,05 Mar,Supermercado Guanabara ,"35,01"
2023,05 Mar,Panvel Filial ,"11,77"
2023,06 Mar,Top Alimentos ,"8,99"
2023,07 Mar,Pagamento recebido ,"-1.331,51"
2023,08 Mar,Editora e Dist Educaci ,"168,71"
2023,09 Mar,Correios Cel*Recarga ,"40,00"
2023,10 Mar,Parcelamento de Fatura 1/9,"177,64"
2023,10 Mar,Crédito de parcelamento ,"-862,73"
2023,11 Mar,Mercado Umuarama ,"16,07"
2023,11 Mar,Pag*Defaultpag ,"34,80"
2023,12 Mar,Correios Cel*Recarga ,"40,00"
2023,12 Mar,Uber *Uber *Trip ,"14,94"
2023,12 Mar,Pastelaria Pontal ,"14,00"
2023,13 Mar,Abastecedora Mania ,"8,50"
2023,15 Mar,Filial Drive Pelotas ,"26,80"
2023,17 Mar,Abastecedora Mania ,"19,90"
2023,19 Mar,Bocattino ,"57,80"
2023,22 Mar,Mercado Umuarama ,"17,21"
2023,22 Mar,Panvel Filial ,"36,09"
2023,22 Mar,Pag*Flordeliz ,"7,15"
2023,23 Mar,Mercado Umuarama ,"15,48"
2023,24 Mar,Amazon-Marketplace ,"3,83"
2023,25 Mar,Nacional G.Chaves (Pel ,"19,27"
2023,25 Mar,Uber *Uber *Trip ,"9,97"
2023,27 Mar,Abastecedora Mania ,"14,90"
2023,27 Mar,Uber *Uber *Trip ,"11,93"
2023,28 Mar,Mercado Umuarama ,"12,63"
2023,29 Mar,Amazonprimebr ,"14,90"
2023,31 Mar,Panvel Filial ,"10,99"
2023,01 Abr,Pag*Comercialirazoqui ,"2,50"
2023,03 Abr,Pg *Ton Laf.S 4/4,"137,50"
2023,03 Abr,Parcelamento de Fatura 2/9,"177,64"
2023,03 Abr,Parcelamento de Fatura 3/3,"170,96"
2023,03 Abr,Amazon Marketplace 2/9,"148,22"
2023,04 Abr,Assb Comercio Varejis ,"7,80"
2023,04 Abr,Kalunga Shopping Pelot ,"56,10"
2023,04 Abr,Burger King Shop Pelot ,"30,90"
2023,04 Abr,Ifood *Ifd*Cafeteria ,"13,09"
2023,04 Abr,Burger King Shop Pelot ,"2,90"
2023,05 Abr,Pagamento recebido ,"-1.627,26"
2023,06 Abr,Panvel Filial ,"13,86"
2023,06 Abr,Abastecedora Mania ,"7,00"
2023,07 Abr,Lojas Americanas ,"42,16"
2023,07 Abr,Editora e Dist Educaci ,"168,71"
2023,07 Abr,Pag*Pelotas ,"51,98"
2023,07 Abr,Pag*Cia09original ,"62,99"
2023,07 Abr,Top Alimentos ,"7,40"
2023,08 Abr,Pag*Mixpastel ,"39,00"
2023,08 Abr,Panvel Filial ,"13,43"
2023,09 Abr,Burger King Shop Pelot ,"15,90"
2023,09 Abr,Lojas Americanas ,"9,99"
2023,11 Abr,Correios Cel*Recarga ,"40,00"
2023,12 Abr,Amazon.Com.Br ,"43,90"
2023,13 Abr,Abastecedora Mania ,"16,40"
2023,14 Abr,Mercado Humuarama ,"8,88"
2023,15 Abr,Uber *Uber *Trip ,"12,94"
2023,15 Abr,Panvel Filial ,"6,49"
2023,15 Abr,Pag*Cachorrodojao ,"11,90"
2023,15 Abr,Nacional Gerneral Osor ,"34,70"
2023,17 Abr,Panvel Filial ,"5,44"
2023,17 Abr,Mc Comercio Alimentici ,"32,00"
2023,18 Abr,Versa Cafe ,"10,00"
2023,18 Abr,Uber *Uber *Trip ,"9,97"
2023,20 Abr,Mercado Umuarama ,"12,40"
2023,20 Abr,Panvel Filial ,"9,99"
2023,23 Abr,Mercadolivre*Salersml 1/3,"66,84"
2023,23 Abr,Ifood *Ifd*Sao Jorge ,"44,00"
2023,26 Abr,Uber *Uber *Trip ,"13,92"
2023,26 Abr,Padaria e Confeitaria ,"35,80"
2023,27 Abr,Quasar Informatica 1/3,"71,02"
2023,27 Abr,Uber *Uber *Trip ,"8,97"
2023,27 Abr,Brapel C de A ,"38,80"
2023,27 Abr,Quasar Informatica 1/3,"71,02"
2023,27 Abr,Mercado Umuarama ,"29,97"
2023,28 Abr,"Crédito de ""Quasar Informatica"" ","-71,02"
2023,29 Abr,Amazonprimebr ,"14,90"
2023,02 Mai,I9pay S*Posto Fitazul ,"20,02"
2023,03 Mai,Amazon Marketplace 3/9,"148,22"
2023,03 Mai,Mercadolivre*Salersml 2/3,"66,84"
2023,03 Mai,Parcelamento de Fatura 3/9,"177,64"
2023,03 Mai,Quasar Informatica 2/3,"71,02"
2023,04 Mai,Tania M G Lopes ,"6,00"
2023,05 Mai,I9pay S*Posto Fitazul ,"9,95"
2023,06 Mai,Uber *Uber *Trip ,"12,98"
2023,07 Mai,Mercado Umuarama ,"32,58"
2023,07 Mai,Ifood *Ifd*Lancheria ,"49,98"
2023,07 Mai,I9pay S*Posto Fitazul ,"36,98"
2023,07 Mai,Editora e Dist Educaci ,"168,71"
2023,09 Mai,Pagamento recebido ,"-1.776,78"
2023,10 Mai,Shopee*Amo Mix 1/2,"43,85"
2023,12 Mai,Pagtel*Recarga ,"40,00"
2023,12 Mai,Amazon.Com.Br ,"31,26"
2023,13 Mai,Mercado Umuarama ,"47,20"
2023,14 Mai,Lojas Americanas ,"10,99"
2023,14 Mai,Mercado Umuarama ,"13,00"
2023,14 Mai,Ifood *Ifd*Bloom Cof ,"59,80"
2023,14 Mai,Kalunga Shopping Pelot ,"9,80"
2023,15 Mai,I9pay S*Posto Fitazul ,"6,50"
2023,16 Mai,Ifood *Ifd*Mcdonalds ,"50,28"
2023,16 Mai,iFood ,"26,19"
2023,17 Mai,Panvel Filial ,"14,78"
2023,17 Mai,iFood ,"42,79"
2023,18 Mai,iFood ,"27,99"
2023,18 Mai,Mercado Humuarama ,"6,59"
2023,20 Mai,Mercado Umuarama ,"13,44"
2023,20 Mai,I9pay S*Posto Fitazul ,"13,98"
2023,21 Mai,Pag*Wilsonlanchese ,"23,00"
2023,21 Mai,Uber *Uber *Trip ,"12,96"
2023,21 Mai,Pag*Thalisfilipedos ,"9,50"
2023,21 Mai,Uber *Uber *Trip ,"9,95"
2023,21 Mai,I9pay S*Posto Fitazul ,"7,49"
2023,23 Mai,Ifood *Ifd*Mestre do ,"41,59"
2023,23 Mai,I9pay S*Posto Fitazul ,"6,50"
2023,23 Mai,Mercado Umuarama ,"4,55"
2023,25 Mai,Black Lab Coffee ,"15,00"
2023,25 Mai,Burger King Shop Pelot ,"35,90"
2023,25 Mai,Kalunga Shopping Pelot ,"6,00"
2023,27 Mai,Mercado Umuarama ,"26,66"
2023,28 Mai,Uber *Uber *Trip ,"9,91"
2023,29 Mai,Uber *Uber *Trip ,"7,91"
2023,29 Mai,Bocattino ,"49,90"
2023,29 Mai,Lojas Americanas ,"13,99"
2023,01 Jun,Mercado Umuarama ,"5,65"
2023,03 Jun,Amazon Marketplace 4/9,"148,22"
2023,03 Jun,Mercadolivre*Salersml 3/3,"66,84"
2023,03 Jun,Quasar Informatica 3/3,"71,02"
2023,03 Jun,Parcelamento de Fatura 4/9,"177,64"
2023,03 Jun,Pagamento recebido ,"-200,00"
2023,03 Jun,Shopee*Amo Mix 2/2,"43,85"
2023,04 Jun,Pag*Megabytes 1/6,"396,19"
2023,04 Jun,Ifood *Ifd*Sila Hot ,"59,00"
2023,06 Jun,Pagamento recebido ,"-1.325,80"
2023,07 Jun,Editora e Dist Educaci ,"168,71"
2023,10 Jun,Atacado Globo ,"19,96"
2023,10 Jun,Nacional Gerneral Osor ,"17,99"
2023,10 Jun,Chen Presentes ,"18,00"
2023,10 Jun,Top Line 1/3,"50,01"
2023,10 Jun,Eduardo Reichow Schiav ,"40,98"
2023,10 Jun,Uber *Uber *Trip ,"7,92"
2023,13 Jun,Recarga de celular ,"40,00"
2023,14 Jun,Uber *Uber *Trip ,"7,91"
2023,14 Jun,Correios Cel*Recarga ,"40,00"
2023,19 Jun,Ifood *Ifd*Lancheria ,"55,98"
2023,19 Jun,Pagamento recebido ,"-20,00"
2023,19 Jun,iFood ,"19,98"
2023,20 Jun,Uber *Uber *Trip ,"11,98"
2023,20 Jun,Uber *Uber *Trip ,"10,92"
2023,25 Jun,Mercado Umuarama ,"14,19"
2023,29 Jun,Dimed Sa Distribuido ,"9,99"
2023,29 Jun,Amazonprimebr ,"14,90"
2023,29 Jun,I9pay S*Posto Fitazul ,"6,50"
2023,01 Jul,Mercado Umuarama ,"45,86"
2023,03 Jul,Amazon Marketplace 5/9,"148,22"
2023,03 Jul,Parcelamento de Fatura 5/9,"177,64"
2023,03 Jul,Pag*Megabytes 2/6,"396,17"
2023,03 Jul,Top Line 2/3,"49,99"
2023,05 Jul,Pagamento recebido ,"-1.514,54"
2023,05 Jul,Pagamento recebido ,"-3,48"
2023,07 Jul,I9pay S*Posto Fitazul ,"13,11"
2023,08 Jul,Burger King Shop Pelot ,"9,90"
2023,08 Jul,Uber *Uber *Trip ,"7,92"
2023,08 Jul,Burger King Shop Pelot ,"41,70"
2023,08 Jul,Lojas Americanas ,"15,98"
2023,10 Jul,Parcelamento de Fatura 1/3,"13,04"
2023,10 Jul,Crédito de parcelamento ,"-30,00"
2023,12 Jul,Mercado Umuarama ,"18,12"
2023,13 Jul,iFood ,"42,29"
2023,13 Jul,I9pay S*Posto Fitazul ,"6,50"
2023,14 Jul,Correios Cel*Recarga ,"40,00"
2023,16 Jul,Angelica Braga Lima ,"10,70"
2023,16 Jul,Uber *Uber *Trip ,"11,99"
2023,16 Jul,Conveniencia Sao Jorg ,"35,00"
2023,16 Jul,Macro Atacado Krolow ,"29,11"
2023,17 Jul,Uber *Uber *Trip ,"9,90"
2023,17 Jul,Uber *Uber *Trip ,"7,90"
2023,17 Jul,Dimed Sa Distribuido ,"6,49"
2023,17 Jul,I9pay S*Posto Fitazul ,"7,49"
2023,17 Jul,Uber *Uber *Trip ,"1,00"
2023,18 Jul,Pag*Steam 1/2,"24,50"
2023,18 Jul,Shopee*Shopee 1/3,"22,49"
2023,21 Jul,Shopee*978444716213777 ,"19,99"
2023,22 Jul,VERA REGINA BORGES GARCIA ,"5,80"
2023,22 Jul,Mercado Humuarama ,"35,26"
2023,23 Jul,Burger King Shop Pelot ,"20,00"
2023,29 Jul,Uber *Uber *Trip ,"13,99"
2023,29 Jul,Mp *Ninapizzas ,"7,00"
2023,29 Jul,Amazonprimebr ,"14,90"
2023,29 Jul,Benza Deliceria ,"34,50"
2023,29 Jul,Mp *Ninapizzas ,"58,90"
2023,29 Jul,C C Com ,"41,97"
2023,30 Jul,Mercado Humuarama ,"37,20"
2023,30 Jul,Mercado Humuarama ,"12,77"
2023,03 Ago,Amazon Marketplace 6/9,"148,22"
2023,03 Ago,Pag*Megabytes 3/6,"396,17"
2023,03 Ago,Parcelamento de Fatura 2/3,"13,04"
2023,03 Ago,Top Line 3/3,"49,99"
2023,03 Ago,Parcelamento de Fatura 6/9,"177,64"
2023,03 Ago,Pag*Steam 2/2,"24,50"
2023,03 Ago,Shopee*Shopee 2/3,"22,48"
2023,04 Ago,I9pay S*Posto Fitazul ,"15,00"
2023,05 Ago,I9pay S*Posto Fitazul ,"11,00"
2023,06 Ago,Pag*Mulekada ,"60,00"
2023,06 Ago,Brascon ,"23,90"
2023,06 Ago,Rio Sul Comercio de Ma ,"33,00"
2023,06 Ago,Mirelli Presentes 1/2,"50,00"
2023,06 Ago,Uber *Uber *Trip ,"12,99"
2023,07 Ago,Pagamento recebido ,"-1.445,96"
2023,07 Ago,I9pay S*Posto Fitazul ,"38,18"
2023,07 Ago,Uber *Uber *Trip ,"14,91"
2023,07 Ago,Pag*Tributopubparty ,"48,00"
2023,07 Ago,I9pay S*Posto Fitazul ,"20,00"
2023,07 Ago,Pag*Tributopubparty ,"5,00"
2023,08 Ago,Burger King Shop Pelot ,"7,90"
2023,08 Ago,Editora e Dist Educaci ,"168,71"
2023,10 Ago,Shopee*917242572857715 ,"37,18"
2023,11 Ago,Ronaldo Lanches ,"66,00"
2023,11 Ago,Pagamento recebido ,"-33,00"
2023,12 Ago,I9pay S*Posto Fitazul ,"15,99"
2023,12 Ago,Mercado Umuarama ,"23,97"
2023,12 Ago,Uber *Uber *Trip ,"13,95"
2023,13 Ago,Tania M G Lopes ,"3,50"
2023,13 Ago,Correios Cel*Recarga ,"40,00"
2023,13 Ago,Burger King Shop Pelot ,"19,90"
2023,19 Ago,I9pay S*Posto Fitazul ,"6,50"
2023,20 Ago,Uber *Uber *Trip ,"8,96"
2023,20 Ago,Uber *Uber *Trip ,"13,91"
2023,20 Ago,Mercado Umuarama ,"9,94"
2023,21 Ago,Uber *Uber *Trip ,"8,92"
2023,21 Ago,Lojas Americanas ,"18,79"
2023,25 Ago,Lojas Americanas ,"20,98"
2023,25 Ago,Kalunga Shopping Pelot ,"56,90"
2023,25 Ago,Burger King Shop Pelot ,"19,90"
2023,27 Ago,Padaria N. Sra Fatima ,"35,42"
2023,29 Ago,Ifood *Ifd*Delivery ,"35,90"
2023,29 Ago,I9pay S*Posto Fitazul ,"6,50"
2023,29 Ago,Amazonprimebr ,"14,90"
2023,03 Set,Amazon Marketplace 7/9,"148,22"
2023,03 Set,Mirelli Presentes 2/2,"50,00"
2023,03 Set,Pag*Megabytes 4/6,"396,17"
2023,03 Set,Parcelamento de Fatura 3/3,"13,04"
2023,03 Set,Parcelamento de Fatura 7/9,"177,64"
2023,03 Set,Shopee*Shopee 3/3,"22,48"
2023,05 Set,Ifood *Ifd*Porto do ,"29,49"
2023,05 Set,I9pay S*Posto Fitazul ,"6,50"
2023,06 Set,Filial Drive Pelotas ,"12,90"
2023,06 Set,Dimed Sa Distribuido ,"14,78"
2023,07 Set,Mercado Humuarama ,"17,48"
2023,08 Set,Pagamento recebido ,"-1.589,44"
2023,08 Set,Bistek Superm Fl ,"16,35"
2023,09 Set,Uber *Uber *Trip ,"13,94"
2023,09 Set,Bistek Superm Fl ,"19,97"
2023,09 Set,Uber *Uber *Trip ,"16,95"
2023,09 Set,Editora e Dist Educaci ,"168,71"
2023,09 Set,Supermercados Imperatr ,"79,86"
2023,10 Set,Burger King ,"31,90"
2023,10 Set,Pag*Luisjavierlopezsa ,"30,00"
2023,10 Set,Bistek Superm Fl ,"7,49"
2023,10 Set,Ifood *Ifd*Quebra Ge ,"24,50"
2023,10 Set,Burger King ,"9,90"
2023,10 Set,Kaizen Comercio de Ace ,"77,80"
2023,11 Set,Crédito de parcelamento ,"-196,20"
2023,11 Set,Crédito de parcelamento de compra ,"-77,80"
2023,11 Set,Crédito de parcelamento de compra ,"-79,86"
2023,11 Set,Parcelamento de Fatura 1/3,"84,88"
2023,11 Set,"Parcelamento de Compra ""Supermercados Imperatr"" 1/2","41,49"
2023,11 Set,"Parcelamento de Compra ""Kaizen Comercio de Ace"" 1/2","40,42"
2023,11 Set,Pagtel*Recarga ,"40,00"
2023,04 Out,Amazon Marketplace 8/9,"148,22"
2023,04 Out,Pag*Megabytes 5/6,"396,17"
2023,10 Out,"Parcelamento de Compra ""Kaizen Comercio de Ace"" 2/2","40,42"
2023,10 Out,Parcelamento de Fatura 8/9,"177,64"
2023,10 Out,Parcelamento de Fatura 2/3,"84,88"
2023,10 Out,"Parcelamento de Compra ""Supermercados Imperatr"" 2/2","41,49"
2023,04 Nov,Amazon Marketplace 9/9,"148,22"
2023,04 Nov,Pag*Megabytes 6/6,"396,17"
2023,11 Nov,Parcelamento de Fatura 9/9,"177,64"
2023,11 Nov,Parcelamento de Fatura 3/3,"84,88"